zipcode;categoria;id;precio
28016;Espanola;87804;Medio
28014;Internacional;87759;Barato
28014;Espanola;87752;Caro
28038;De autor;87746;Medio
28013;Espanola;87745;Medio
28006;Internacional;87741;Caro
28013;Espanola;87727;Barato
28004;Internacional;87700;Caro
28014;Espanola;87688;Caro
28013;Especiales;87645;Caro
28001;Internacional;87592;Medio
28004;Espanola;87533;Caro
28050;Tapas;87528;Caro
28005;Tapas;87512;Barato
28010;Internacional;87504;Barato
28003;Espanola;87472;Medio
28012;Multiespacio;87467;Caro
28015;Tapas;87462;Caro
28050;Espanola;87460;Caro
28009;Tapas;87427;Barato
28001;Espanola;87425;Caro
28036;Internacional;87409;Medio
28043;Multiespacio;87407;Barato
28046;De autor;87395;Barato
28001;Internacional;87387;Barato
28001;De autor;87384;Caro
28004;Espanola;87380;Caro
28004;Tapas;87363;Caro
28039;Espanola;87337;Medio
28006;Internacional;87312;Medio
28010;Tapas;87308;Medio
28004;Tapas;87305;Caro
28004;Tapas;87270;Medio
28004;Internacional;87262;Barato
28015;Espanola;87261;Caro
28010;Espanola;87260;Barato
28033;Espanola;87201;Barato
28013;Internacional;87164;Barato
28027;Internacional;87148;Caro
28004;Vegetariano;87119;Barato
28013;Espanola;87110;Caro
28015;Vegetariano;87103;Barato
28004;Internacional;87102;Medio
28034;Espanola;87061;Caro
28005;De autor;86979;Medio
28003;Espanola;86922;Caro
28224;De autor;86920;Medio
28002;Espanola;86909;Barato
28013;Espanola;86907;Caro
28004;Espanola;86885;Medio
28003;Internacional;86871;Medio
28003;Tapas;86867;Medio
28005;Espanola;86833;Caro
28003;De autor;86806;Medio
28010;Internacional;86793;Caro
28004;Internacional;86785;Barato
28003;Tapas;86772;Caro
28001;Internacional;86771;Barato
28006;Internacional;86767;Caro
28004;Espanola;86752;Caro
28042;Internacional;86741;Caro
28006;Espanola;86687;Caro
28042;Espanola;86686;Medio
28004;Internacional;86664;Medio
28001;Espanola;86646;Caro
28005;Espanola;86645;Medio
28013;Espanola;86595;Barato
28012;Espanola;86593;Caro
28015;Internacional;86581;Barato
28015;Internacional;86579;Medio
28012;Internacional;86564;Caro
28006;Internacional;86505;Caro
28010;Espanola;86483;Caro
28013;Tapas;86480;Barato
28036;De autor;86461;Caro
28010;Espanola;86459;Caro
28045;Tapas;86453;Barato
28010;De autor;86400;Barato
28004;Internacional;86397;Barato
28004;Internacional;86382;Medio
28045;Internacional;86374;Caro
28013;Internacional;86373;Barato
28014;Internacional;86353;Barato
28224;Espanola;86352;Medio
28036;Internacional;86336;Barato
28006;Internacional;86334;Caro
28003;Internacional;86319;Caro
28016;Internacional;86293;Barato
28014;Internacional;86263;Medio
28004;Internacional;86254;Barato
28009;Espanola;86253;Medio
28012;Tapas;86236;Barato
28014;Tapas;86233;Caro
28014;Espanola;86221;Medio
28036;Espanola;86220;Medio
28010;Espanola;86167;Caro
28006;Espanola;86158;Medio
28001;Espanola;86121;Caro
28046;Espanola;86120;Barato
28014;Espanola;86107;Barato
28006;Espanola;86105;Caro
28109;Espanola;86099;Medio
28014;Espanola;86070;Medio
28016;Internacional;86069;Caro
28001;Espanola;86048;Medio
28006;Internacional;86037;Medio
28015;Espanola;86018;Caro
28010;Espanola;85982;Caro
28013;Internacional;85968;Caro
28001;Tapas;85958;Medio
28009;Internacional;85955;Barato
28015;Tapas;85953;Barato
28004;Vegetariano;85941;Medio
28003;Espanola;85935;Barato
28004;Internacional;85930;Medio
28036;Espanola;85924;Barato
28010;Internacional;85914;Medio
28010;Espanola;85896;Medio
28001;Vegetariano;85870;Medio
28001;De autor;85855;Caro
28001;Internacional;85837;Caro
28004;Internacional;85814;Medio
28006;Internacional;85787;Barato
28027;Tapas;85785;Barato
28045;Tapas;85784;Caro
28045;Espanola;85781;Caro
28045;Espanola;85755;Medio
28043;Espanola;85749;Caro
28001;Internacional;85732;Barato
28009;Tapas;85731;Barato
28004;Espanola;85724;Medio
28003;Vegetariano;85689;Medio
28014;Tapas;85682;Medio
28004;Tapas;85677;Barato
28006;Espanola;85600;Barato
28012;Tapas;85519;Medio
28013;Tapas;85516;Barato
28001;Tapas;85514;Barato
28010;Internacional;85508;Barato
28009;De autor;85435;Barato
28009;Vegetariano;85421;Caro
28046;De autor;85413;Medio
28010;Internacional;85408;Caro
28013;Internacional;85406;Caro
28046;De autor;85405;Caro
28014;Internacional;85347;Barato
28003;Tapas;85339;Barato
28001;De autor;85333;Medio
28009;Internacional;85300;Medio
28010;De autor;85265;Caro
28003;Internacional;85263;Medio
28020;Internacional;85236;Barato
28010;Internacional;85208;Barato
28013;Internacional;85112;Caro
28009;Especiales;85028;Barato
28006;Vegetariano;85025;Barato
28006;Internacional;84936;Caro
28010;Espanola;84928;Medio
28006;Internacional;84926;Medio
28001;Espanola;84917;Barato
28004;Internacional;84909;Barato
28001;Internacional;84907;Caro
28004;Internacional;84906;Barato
28001;Internacional;84892;Caro
28010;Internacional;84885;Barato
28010;Espanola;84881;Caro
28002;Tapas;84830;Medio
28001;Tapas;84829;Barato
28001;Tapas;84811;Caro
28016;Internacional;84809;Caro
28014;Internacional;84808;Medio
28001;Internacional;84802;Caro
28015;Internacional;84801;Medio
28001;Internacional;84792;Barato
28003;Tapas;84766;Caro
28004;Internacional;84759;Medio
28004;Tapas;84757;Barato
28036;Espanola;84745;Barato
28009;Espanola;84739;Barato
28012;Vegetariano;84700;Barato
28013;Espanola;84694;Barato
28001;Espanola;84614;Barato
28013;Espanola;84609;Barato
28036;Internacional;84567;Caro
28046;Internacional;84460;Caro
28004;Tapas;84446;Barato
28006;Espanola;84444;Caro
28004;Internacional;84431;Barato
28018;Espanola;84163;Caro
28012;De autor;83949;Medio
28010;Internacional;83862;Barato
28020;Internacional;83859;Caro
28009;Internacional;83839;Caro
28008;Internacional;83815;Barato
28001;Internacional;83648;Barato
28015;Tapas;83491;Caro
28004;Tapas;83388;Medio
28001;Internacional;83341;Caro
28014;Vegetariano;83141;Caro
28015;Internacional;82932;Medio
28003;De autor;82902;Barato
28008;Espanola;82816;Caro
28002;Internacional;82768;Barato
28109;Espanola;82715;Medio
28002;Internacional;82652;Barato
28014;Internacional;82630;Barato
28042;Internacional;82603;Barato
28020;De autor;82508;Medio
28014;Espanola;82445;Caro
28016;Espanola;82411;Barato
28012;Espanola;82352;Medio
28004;Tapas;82351;Barato
28004;Internacional;82193;Barato
28014;Tapas;82089;Barato
28010;Espanola;82030;Caro
28001;Espanola;81852;Medio
28010;Espanola;81812;Caro
28005;Tapas;81723;Barato
28001;Internacional;81487;Barato
28002;De autor;81461;Medio
28006;De autor;81456;Barato
28006;Tapas;81400;Caro
28001;Espanola;81284;Medio
28027;Espanola;81283;Barato
28012;Espanola;81218;Barato
28004;Espanola;81207;Caro
28013;Internacional;81116;Barato
28004;Tapas;81052;Caro
28002;Internacional;81032;Medio
28036;Espanola;81020;Medio
28013;Espanola;80972;Caro
28004;Internacional;80909;Medio
28009;Espanola;80861;Medio
28004;Internacional;80833;Caro
28004;Especiales;80818;Caro
28007;Espanola;80799;Caro
28006;Espanola;80779;Caro
28003;Internacional;80768;Medio
28004;Espanola;80723;Caro
28004;Espanola;80718;Caro
28004;Internacional;80713;Medio
28009;Tapas;80698;Medio
28012;Espanola;80683;Medio
28001;De autor;80618;Barato
28001;Internacional;80577;Medio
28003;De autor;80543;Barato
28042;Espanola;80392;Caro
28012;Espanola;80259;Caro
28014;De autor;80215;Caro
28046;De autor;80209;Caro
28013;De autor;80127;Caro
28009;Tapas;79680;Barato
28036;Espanola;79662;Caro
28015;Internacional;79595;Medio
28004;De autor;79579;Medio
28014;Internacional;79577;Medio
28014;De autor;79575;Barato
28012;Internacional;79571;Medio
28004;De autor;79548;Caro
28015;Internacional;79544;Medio
28004;Espanola;79539;Barato
28005;Espanola;79535;Medio
28002;Tapas;79534;Medio
28002;Tapas;79521;Medio
28004;Internacional;79452;Caro
28015;Tapas;79325;Barato
28009;Espanola;79217;Medio
28053;Espanola;78916;Barato
28004;Espanola;78903;Caro
28009;De autor;78840;Barato
28020;Espanola;78529;Medio
28010;Tapas;78474;Barato
28012;De autor;78460;Medio
28015;Tapas;78429;Caro
28004;Tapas;78264;Caro
28009;Tapas;78206;Caro
28009;Tapas;78196;Caro
28013;Espanola;77821;Caro
28004;Internacional;77816;Barato
28004;Internacional;77745;Barato
28010;Internacional;77718;Barato
28020;Internacional;77713;Barato
28028;Espanola;77682;Medio
28013;Internacional;77675;Medio
28003;De autor;77658;Medio
28012;Internacional;77647;Barato
28005;Tapas;77642;Medio
28004;Tapas;77615;Medio
28037;Especiales;77614;Barato
28014;De autor;77561;Caro
28009;Internacional;77550;Medio
28001;Espanola;77548;Caro
28046;Espanola;77541;Medio
28004;Espanola;77522;Medio
28005;Tapas;77520;Caro
28009;Tapas;77501;Barato
28013;Tapas;77496;Caro
28012;Especiales;77290;Barato
28013;Espanola;77284;Medio
28012;Tapas;77222;Medio
28004;Internacional;77193;Barato
28026;Internacional;77192;Medio
28009;Internacional;77187;Medio
28002;Internacional;77181;Medio
28013;Internacional;77173;Caro
28040;Internacional;77169;Caro
28036;Internacional;77168;Medio
28004;Espanola;77084;Medio
28010;Internacional;76872;Medio
28010;Espanola;76861;Medio
28004;Espanola;76860;Caro
28008;Espanola;76793;Medio
28001;De autor;76745;Medio
28001;Espanola;76495;Caro
28010;Internacional;76447;Caro
28014;Internacional;76391;Barato
28010;Internacional;76357;Barato
28014;Espanola;76356;Barato
28010;De autor;76323;Barato
28006;Espanola;76304;Medio
28001;Internacional;76215;Medio
28014;Tapas;76191;Caro
28016;Tapas;76189;Medio
28027;Tapas;76164;Caro
28043;De autor;76140;Medio
28040;Espanola;76127;Caro
28010;Espanola;76126;Medio
28015;Tapas;76119;Barato
28049;Espanola;76102;Caro
28020;Internacional;76097;Medio
28009;Internacional;75870;Caro
28004;Espanola;75845;Barato
28005;Espanola;75811;Barato
28010;Tapas;75810;Caro
28013;Tapas;75809;Caro
28012;Tapas;75797;Caro
28015;Tapas;75784;Medio
28003;Internacional;75730;Medio
28012;De autor;75721;Barato
28012;Internacional;75560;Caro
28010;Internacional;75532;Barato
28008;Internacional;75424;Barato
28013;Internacional;75410;Caro
28020;De autor;75283;Caro
28012;Tapas;75282;Medio
28012;Espanola;75232;Medio
28004;Espanola;75211;Medio
28012;Internacional;75204;Medio
28013;Internacional;75192;Medio
28045;Espanola;75186;Medio
28045;Espanola;75184;Barato
28014;Tapas;75180;Caro
28012;Espanola;75178;Caro
28009;Tapas;75175;Caro
28014;Tapas;75172;Caro
28006;Espanola;75164;Medio
28010;Espanola;75163;Caro
28013;Internacional;75160;Medio
28004;Tapas;75104;Caro
28009;Espanola;75082;Caro
28012;Internacional;74868;Barato
28015;Espanola;69306;Medio
28014;Espanola;69305;Caro
28010;Internacional;69303;Barato
28035;Internacional;69302;Medio
28008;Tapas;69300;Caro
28004;Internacional;69299;Barato
28010;Espanola;69298;Barato
28004;Internacional;69296;Medio
28046;Espanola;69294;Barato
28004;De autor;69293;Medio
28009;Espanola;69292;Barato
28006;Internacional;69291;Medio
28004;Espanola;69290;Caro
28010;Espanola;69289;Caro
28013;Internacional;69287;Caro
28014;Espanola;69286;Barato
28010;Internacional;69285;Barato
28013;Internacional;69284;Barato
28013;Espanola;69283;Caro
28001;De autor;69282;Caro
28013;Espanola;69281;Medio
28003;Internacional;69279;Medio
28012;Espanola;69278;Barato
28005;Tapas;69277;Medio
28012;Tapas;69276;Caro
28005;Espanola;69275;Barato
28012;Espanola;69274;Barato
28001;Internacional;69273;Medio
28003;Internacional;69272;Barato
28010;Espanola;69271;Caro
28006;Internacional;69270;Caro
28036;Espanola;69269;Caro
28013;De autor;69267;Caro
28010;Internacional;69265;Barato
28046;Espanola;69264;Barato
28004;Tapas;69263;Caro
28014;Espanola;69262;Barato
28014;Espanola;69261;Caro
28012;Tapas;69260;Medio
28200;De autor;69259;Barato
28010;De autor;69258;Barato
28004;Internacional;69257;Medio
28013;Internacional;69256;Medio
28001;De autor;69255;Caro
28004;Espanola;69254;Medio
28004;De autor;69252;Medio
28004;Internacional;69251;Caro
28013;De autor;69249;Medio
28001;Espanola;69248;Medio
28013;Internacional;69247;Caro
28015;Internacional;69246;Barato
28004;Espanola;69245;Barato
28008;Tapas;69244;Caro
28006;Espanola;69243;Medio
28015;Espanola;69241;Medio
28014;Internacional;69240;Caro
28009;Tapas;69239;Caro
28013;;69237;Medio
28036;Espanola;69236;Barato
28004;Vegetariano;69234;Barato
28010;Tapas;69233;Barato
28013;Espanola;69230;Barato
28014;Espanola;69228;Caro
28013;De autor;69227;Barato
28046;Espanola;69223;Medio
28014;Internacional;69221;Medio
28046;Internacional;69220;Barato
28012;Internacional;69219;Caro
28015;Internacional;69218;Medio
28001;Espanola;69217;Barato
28014;Espanola;69216;Medio
28014;De autor;69215;Caro
28012;Tapas;69214;Caro
28001;De autor;69213;Caro
28001;Tapas;69212;Medio
28004;Internacional;69211;Caro
28015;De autor;69210;Barato
28004;Tapas;69207;Caro
28020;Internacional;69206;Barato
28014;Tapas;69205;Medio
28015;Internacional;69203;Caro
28006;Tapas;69201;Medio
28005;De autor;69199;Barato
28004;Tapas;69198;Barato
28014;Espanola;68872;Barato
28012;Espanola;68969;Caro
28010;Internacional;68927;Barato
28005;Espanola;68968;Caro
28109;Internacional;69012;Caro
28010;Espanola;69013;Barato
28006;Espanola;69067;Barato
28014;Internacional;68460;Barato
28010;Internacional;68461;Medio
28006;Internacional;68850;Caro
28036;Espanola;68807;Barato
28014;Espanola;68808;Barato
28340;De autor;69011;Caro
28010;Espanola;68747;Barato
28045;Internacional;68967;Caro
28004;Internacional;68871;Medio
28004;Internacional;69066;Caro
28006;De autor;69150;Medio
28012;Tapas;68966;Caro
28036;Espanola;69149;Caro
28013;Internacional;69063;Caro
28008;Tapas;68884;Caro
28004;Internacional;69010;Medio
28004;Tapas;68870;Caro
28013;Tapas;68869;Medio
28013;Internacional;68669;Caro
28036;Espanola;68746;Medio
28010;Internacional;68965;Barato
28015;Espanola;68549;Barato
28036;Espanola;69009;Caro
28044;Internacional;68932;Caro
28003;Internacional;68970;Barato
28010;Espanola;68744;Medio
28001;Espanola;69147;Caro
28014;Internacional;68816;Barato
28001;Internacional;69138;Barato
28004;Internacional;69139;Caro
28004;Tapas;68964;Caro
28004;Espanola;69196;Barato
28004;Internacional;68498;Caro
28004;Vegetariano;68450;Medio
28013;Vegetariano;68458;Medio
28012;Tapas;68742;Caro
28004;Vegetariano;68827;Caro
28015;Vegetariano;68839;Barato
28010;Espanola;68741;Caro
28013;De autor;69004;Caro
28013;Tapas;68806;Medio
28014;Espanola;69097;Caro
28010;Internacional;69006;Barato
28036;Internacional;68802;Barato
28009;Internacional;68803;Medio
28015;Internacional;68804;Barato
28042;Espanola;68805;Barato
28010;Internacional;69060;Barato
28012;Internacional;69061;Caro
28042;Espanola;69062;Caro
28004;Internacional;69191;Barato
28036;Internacional;68954;Caro
28004;Tapas;69059;Caro
28003;De autor;69055;Barato
28006;Espanola;69056;Caro
28009;Espanola;69057;Barato
28009;Espanola;69058;Caro
28028;Internacional;69027;Medio
28006;Espanola;69034;Caro
28012;Internacional;69005;Barato
28003;Internacional;69102;Medio
28015;Internacional;69104;Barato
28005;Internacional;69106;Caro
28010;Internacional;69127;Caro
28004;Internacional;68601;Caro
28014;Espanola;68394;Barato
28004;Tapas;68470;Barato
28001;De autor;68597;Caro
28012;Vegetariano;69195;Caro
28046;Tapas;69163;Barato
28013;Tapas;69074;Barato
28015;Vegetariano;69184;Medio
28014;Tapas;68722;Barato
28014;De autor;68481;Barato
28013;Tapas;68740;Barato
28001;Tapas;68982;Medio
28026;Tapas;69072;Caro
28043;Internacional;68749;Caro
28001;Tapas;68690;Medio
28013;Internacional;69003;Barato
28023;Espanola;68974;Caro
28013;Espanola;68979;Barato
28001;Espanola;68981;Medio
28042;De autor;69001;Caro
28014;Internacional;69002;Caro
28004;Tapas;69054;Barato
28004;Espanola;69165;Medio
28002;Internacional;68531;Barato
28014;Internacional;68718;Barato
28008;Internacional;68725;Caro
28013;Tapas;68535;Caro
28006;Internacional;68408;Medio
28010;Tapas;68800;Caro
28004;Internacional;69053;Medio
28046;Internacional;69020;Medio
28004;Internacional;69051;Medio
28001;De autor;69052;Barato
28004;Espanola;69096;Barato
28015;Internacional;68926;Caro
28014;Tapas;68686;Caro
28012;De autor;68867;Barato
28001;Espanola;68685;Caro
28004;Espanola;68503;Caro
28014;Vegetariano;68963;Caro
28004;Tapas;68739;Medio
28002;Internacional;68793;Medio
28014;Internacional;68794;Caro
28046;Internacional;68795;Barato
28232;Internacional;68798;Medio
28002;Internacional;68799;Medio
28036;Internacional;68862;Barato
28043;Internacional;68863;Medio
28005;Internacional;68865;Medio
28013;Internacional;68866;Medio
28020;Internacional;69145;Medio
28013;Vegetariano;68738;Caro
28004;Internacional;68860;Barato
28010;Especiales;68861;Medio
28015;Internacional;69094;Barato
28006;Espanola;69193;Barato
28001;Internacional;68962;Barato
28005;Tapas;69050;Caro
28047;Espanola;68925;Medio
28012;Tapas;68939;Caro
28004;Tapas;69143;Medio
28050;Espanola;68455;Medio
28046;Espanola;69093;Barato
28004;Tapas;68924;Barato
28003;Especiales;69049;Medio
28005;Vegetariano;69142;Caro
28004;Vegetariano;68684;Caro
28010;Tapas;69048;Barato
28006;De autor;68682;Caro
28004;Tapas;68922;Medio
28014;Espanola;68639;Barato
28036;Internacional;68921;Caro
28010;Espanola;68997;Medio
28001;Espanola;68999;Barato
28011;Espanola;68567;Caro
28011;Espanola;69092;Caro
28006;Internacional;68453;Medio
28001;De autor;68887;Medio
28004;Espanola;68920;Medio
28001;Espanola;69046;Barato
28004;Tapas;69045;Caro
28004;Espanola;69044;Medio
28036;Espanola;68452;Caro
28004;Tapas;68451;Medio
28001;Tapas;68985;Barato
28009;Espanola;69140;Caro
28004;Tapas;69040;Caro
28015;Tapas;69041;Caro
28005;Tapas;69042;Medio
28006;Espanola;69043;Caro
28012;Tapas;68638;Caro
28016;Espanola;68449;Caro
28015;Internacional;68857;Caro
28004;Internacional;68996;Caro
28004;Tapas;69039;Caro
28015;Espanola;68790;Barato
28001;Tapas;68918;Medio
28010;Tapas;68919;Medio
28015;Tapas;69189;Medio
28006;Tapas;68855;Medio
28003;Tapas;68856;Medio
28003;Espanola;68957;Medio
28003;Tapas;68958;Medio
28014;Tapas;68959;Barato
28003;Tapas;69037;Caro
28001;Tapas;69038;Caro
28006;Espanola;68446;Barato
28028;Espanola;69186;Medio
28028;Espanola;69187;Caro
28005;Espanola;69188;Caro
28002;Espanola;68733;Barato
28005;Espanola;68734;Barato
28006;Espanola;68735;Barato
28006;Espanola;68736;Barato
28017;Espanola;68737;Barato
28006;Tapas;68683;Caro
28003;Espanola;68915;Barato
28016;Espanola;69089;Caro
28010;De autor;69090;Barato
28013;Espanola;68789;Medio
28004;Tapas;68956;Barato
28015;Internacional;68636;Medio
28004;Espanola;68445;Barato
28014;Internacional;68731;Medio
28004;Internacional;68635;Caro
28002;Internacional;68637;Caro
28013;Internacional;68729;Medio
28012;Internacional;68730;Caro
28003;Internacional;68444;Caro
28016;Internacional;68443;Caro
28010;Internacional;68634;Caro
28020;Internacional;68955;Medio
28004;Internacional;68852;Caro
28004;Tapas;68815;Caro
28006;Espanola;69182;Medio
28003;Espanola;68952;Caro
28001;Tapas;68953;Barato
28034;Espanola;68681;Medio
28011;Espanola;68788;Medio
28003;Espanola;68994;Barato
28014;Tapas;68678;Caro
28008;Espanola;68679;Medio
28008;Espanola;68680;Barato
28020;Internacional;69180;Medio
28016;Espanola;68442;Barato
28015;Internacional;68754;Medio
28001;Espanola;69178;Caro
28045;Internacional;69179;Caro
28010;Tapas;68441;Medio
28020;Espanola;68786;Medio
28016;Internacional;68914;Medio
28014;Tapas;69177;Medio
28016;Espanola;68851;Barato
28020;Espanola;69175;Caro
28005;Internacional;69137;Barato
28010;Espanola;68912;Medio
28004;Espanola;68913;Barato
28004;Espanola;68727;Barato
28028;Espanola;68784;Caro
28005;Espanola;68911;Medio
28010;Espanola;68440;Caro
28039;Espanola;68847;Caro
28222;Espanola;68848;Caro
28039;Espanola;68993;Medio
28020;Espanola;68439;Medio
28004;Internacional;68571;Barato
28004;Tapas;68907;Medio
28005;Internacional;68951;Barato
28020;Espanola;68992;Caro
28014;De autor;69134;Medio
28004;Tapas;69174;Caro
28046;Tapas;68991;Barato
28034;Espanola;69032;Medio
28043;Tapas;69033;Medio
28012;Espanola;68524;Caro
28009;Espanola;68950;Barato
28013;Internacional;69031;Caro
28004;Espanola;68905;Medio
28013;Internacional;68633;Barato
28013;Espanola;68904;Medio
28020;De autor;68949;Caro
28013;Internacional;69029;Barato
28020;Internacional;68783;Medio
28300;De autor;68438;Medio
28010;De autor;68655;Barato
28411;De autor;69172;Medio
28028;Tapas;69170;Caro
28015;Tapas;69171;Caro
28004;Tapas;68724;Medio
28003;Espanola;68672;Caro
28001;Espanola;69132;Caro
28020;Internacional;68902;Caro
28020;Internacional;69087;Barato
28043;Espanola;69131;Medio
28046;Internacional;69086;Medio
28005;Espanola;69169;Caro
28012;Tapas;68436;Medio
28012;Tapas;68437;Barato
28012;Espanola;68435;Barato
28012;Tapas;68434;Barato
28012;Espanola;68841;Medio
28012;Tapas;68842;Medio
28012;Tapas;68843;Medio
28012;Tapas;68844;Caro
28012;Tapas;68845;Caro
28012;Tapas;68900;Medio
28012;Tapas;68901;Barato
28004;Internacional;68670;Medio
28046;Internacional;68486;Barato
28014;Tapas;68898;Medio
28012;Tapas;68840;Medio
28003;Espanola;69085;Medio
28003;Espanola;69130;Caro
28008;Espanola;69128;Medio
28020;Espanola;69129;Caro
28028;Espanola;68432;Caro
28009;Espanola;69168;Barato
28013;Espanola;68947;Barato
28020;Espanola;69084;Barato
28014;Espanola;68723;Medio
28001;Espanola;68896;Medio
28020;Espanola;68897;Barato
28001;Espanola;69167;Medio
28009;Espanola;68430;Caro
28010;Espanola;68431;Medio
28015;Espanola;68838;Caro
28002;Espanola;69126;Medio
28020;Espanola;68894;Medio
28020;Espanola;68895;Barato
28020;Espanola;68946;Barato
28001;Espanola;69124;Medio
28006;Espanola;69125;Barato
28005;Tapas;68667;Barato
28005;Tapas;68837;Barato
28004;Vegetariano;68989;Barato
28014;Vegetariano;68720;Medio
28013;Vegetariano;68892;Barato
28004;Vegetariano;68893;Medio
28003;Espanola;68429;Barato
28028;Tapas;68944;Barato
28014;Vegetariano;68945;Barato
28006;Internacional;68836;Caro
28005;Internacional;68428;Barato
28010;Internacional;68986;Barato
28014;Internacional;68984;Medio
28014;Internacional;68983;Medio
28012;Espanola;68830;Medio
28013;Tapas;68831;Caro
28001;Espanola;68832;Caro
28013;Espanola;68834;Barato
28020;Tapas;68835;Barato
28012;Espanola;68891;Barato
28005;Espanola;68717;Medio
28015;Espanola;69080;Caro
28015;Espanola;69081;Barato
28012;Espanola;68780;Medio
28010;Espanola;68942;Medio
28015;Tapas;68943;Caro
28006;Espanola;68716;Medio
28039;Espanola;69024;Barato
28010;Espanola;68715;Caro
28036;Espanola;68889;Caro
28002;Espanola;68941;Barato
28046;Espanola;68427;Medio
28008;Espanola;69079;Caro
28013;Tapas;68888;Medio
28012;Espanola;68713;Barato
28013;Espanola;68714;Barato
28009;Espanola;68828;Caro
28013;Espanola;68829;Caro
28005;Espanola;68557;Barato
28007;Espanola;68937;Barato
28005;Tapas;68938;Medio
28002;Espanola;68936;Caro
28003;Tapas;68935;Barato
28046;De autor;68779;Barato
28001;De autor;68426;Caro
28004;Internacional;68712;Caro
28001;Internacional;68711;Caro
28005;Internacional;68826;Medio
28015;Internacional;68825;Caro
28012;Espanola;68710;Barato
28004;Internacional;68824;Caro
28004;Internacional;69123;Caro
28004;Espanola;69162;Barato
28002;Internacional;68708;Barato
28013;Internacional;69078;Barato
28013;Espanola;68704;Caro
28012;Espanola;68705;Caro
28008;Internacional;68707;Barato
28004;Espanola;68822;Barato
28013;Espanola;68665;Barato
28036;Espanola;68886;Barato
28005;Tapas;69022;Caro
28043;Internacional;69023;Medio
28008;Tapas;68777;Barato
28001;Espanola;68980;Barato
28014;Internacional;68978;Medio
28006;Espanola;69021;Barato
28009;Espanola;69120;Caro
28039;Espanola;69121;Barato
28001;Internacional;68776;Caro
28046;De autor;68821;Medio
28014;Espanola;68419;Medio
28010;Espanola;68420;Caro
28005;Espanola;68422;Barato
28004;Internacional;68423;Barato
28004;Internacional;68424;Barato
28014;Espanola;68882;Barato
28004;Internacional;68883;Caro
28020;Espanola;68880;Barato
28004;Internacional;68881;Caro
28010;Internacional;68931;Caro
28002;Internacional;68975;Medio
28001;Internacional;68418;Medio
28013;Internacional;68774;Medio
28036;Internacional;68775;Caro
28001;Internacional;69019;Caro
28020;Internacional;68632;Caro
28006;Internacional;68773;Medio
28014;Internacional;69119;Medio
28010;Tapas;68819;Caro
28004;Espanola;68820;Medio
28003;Internacional;68770;Caro
28004;Tapas;68772;Caro
28008;Vegetariano;68703;Caro
28010;Internacional;68930;Caro
28002;Espanola;68818;Medio
28020;De autor;69017;Barato
28004;De autor;69018;Medio
28043;Espanola;69075;Medio
28010;Espanola;68769;Barato
28012;De autor;68627;Barato
28013;Espanola;68629;Medio
28046;Espanola;68580;Medio
28012;Tapas;68513;Medio
28045;Tapas;68664;Medio
28009;Espanola;69116;Medio
28004;Tapas;69117;Barato
28012;Tapas;69118;Barato
28004;Espanola;69161;Caro
28046;Internacional;68879;Caro
28006;Espanola;68878;Caro
28005;Vegetariano;68768;Medio
28004;Internacional;69113;Caro
28004;Espanola;69114;Barato
28012;Internacional;69016;Caro
28004;Espanola;69015;Caro
28010;Espanola;68767;Caro
28012;Tapas;68971;Medio
28005;Espanola;68414;Barato
28005;Espanola;68415;Barato
28005;Tapas;69159;Medio
28004;Internacional;69160;Barato
28004;Internacional;69112;Caro
28004;Internacional;68491;Medio
28004;Internacional;68663;Caro
28004;De autor;69070;Barato
28006;Tapas;69071;Barato
28004;Espanola;68412;Barato
28004;Espanola;68413;Caro
28004;Espanola;68485;Medio
28013;Internacional;68659;Caro
28005;Internacional;68660;Medio
28004;Internacional;68661;Caro
28046;Internacional;68662;Medio
28001;Internacional;69155;Caro
28004;Internacional;69156;Medio
28003;De autor;68814;Barato
28001;Internacional;68699;Barato
28014;Tapas;68813;Barato
28012;Tapas;68929;Barato
28036;Espanola;68693;Caro
28005;Tapas;68657;Caro
28005;Espanola;68687;Medio
28008;Espanola;68399;Medio
28001;Espanola;69152;Barato
28013;Espanola;68812;Barato
28015;Espanola;69068;Caro
28006;Tapas;68656;Caro
28004;Espanola;68877;Caro
28015;Tapas;68401;Caro
28005;Tapas;68402;Barato
28014;Espanola;68403;Medio
28012;Tapas;68404;Caro
28005;Tapas;68405;Barato
28005;Espanola;68407;Medio
28005;Tapas;68409;Caro
28001;Tapas;68410;Barato
28006;Espanola;68411;Caro
28014;Tapas;68809;Caro
28012;Tapas;69014;Caro
28013;Tapas;69105;Barato
28014;Espanola;69107;Caro
28013;Tapas;69108;Medio
28005;Tapas;68393;Caro
28014;Tapas;68395;Barato
28004;Tapas;68396;Medio
28012;Tapas;68397;Caro
28012;Tapas;68398;Barato
28012;Tapas;68400;Medio
28005;Tapas;68652;Medio
28014;Tapas;68653;Medio
28004;Tapas;68654;Caro
28005;De autor;68876;Barato
28005;Tapas;69101;Medio
28014;Tapas;69103;Caro
28005;Tapas;68391;Caro
28015;Tapas;68630;Medio
28003;Tapas;68631;Barato
28005;Tapas;68647;Medio
28004;Tapas;68701;Caro
28039;Tapas;68385;Barato
28006;Tapas;68386;Caro
28039;Tapas;68387;Caro
28036;Tapas;68388;Barato
28001;Tapas;68389;Caro
28001;Espanola;68390;Barato
28002;Tapas;68628;Caro
28010;Tapas;68691;Caro
28015;Tapas;68692;Caro
28009;Tapas;68694;Barato
28013;Tapas;68695;Medio
28012;Tapas;68696;Barato
28012;Tapas;68697;Barato
28009;Tapas;68698;Caro
28003;Espanola;68555;Barato
28010;Tapas;68617;Caro
28001;Tapas;68618;Caro
28010;Tapas;68619;Caro
28013;Tapas;68621;Caro
28001;Tapas;68623;Caro
28006;Tapas;68625;Medio
28001;Espanola;68626;Barato
28005;Tapas;68688;Medio
28014;Tapas;68760;Medio
28008;Tapas;68761;Caro
28020;Tapas;68763;Medio
28003;Tapas;68764;Barato
28012;Tapas;68766;Medio
28004;Tapas;68382;Medio
28001;Tapas;68383;Medio
28004;Tapas;68644;Barato
28005;Tapas;68648;Barato
28005;Tapas;68649;Barato
28013;Espanola;68650;Medio
28003;Tapas;68651;Medio
28009;Tapas;68750;Caro
28004;Tapas;68751;Barato
28006;Tapas;68752;Medio
28005;Tapas;68753;Medio
28001;Espanola;68755;Caro
28005;Tapas;68756;Caro
28004;Tapas;68757;Medio
28006;Tapas;68759;Medio
28003;Espanola;68641;Barato
28005;Espanola;68748;Barato
28001;Espanola;68616;Medio
28036;Internacional;68558;Barato
28014;Internacional;68463;Medio
28036;Internacional;68464;Barato
28020;Espanola;68466;Barato
28014;Internacional;68467;Barato
28004;Internacional;68468;Caro
28002;Espanola;68469;Caro
28006;De autor;68471;Caro
28014;Espanola;68472;Barato
28013;Espanola;68474;Barato
28004;Espanola;68475;Barato
28003;De autor;68476;Medio
28046;De autor;68477;Caro
28045;Internacional;68478;Caro
28014;Espanola;68479;Medio
28036;Espanola;68480;Barato
28011;De autor;68482;Medio
28001;Espanola;68488;Medio
28014;Internacional;68489;Caro
28001;Espanola;68490;Medio
28014;Espanola;68492;Medio
28013;Espanola;68493;Caro
28004;Espanola;68494;Barato
28003;Internacional;68496;Medio
28004;Internacional;68497;Barato
28046;De autor;68499;Barato
28012;Espanola;68502;Medio
28013;Tapas;68504;Barato
28001;Internacional;68505;Medio
28014;Internacional;68506;Caro
28036;De autor;68507;Barato
28001;De autor;68508;Caro
28002;De autor;68509;Barato
28009;Espanola;68510;Barato
28020;Espanola;68512;Caro
28005;Espanola;68514;Medio
28013;Espanola;68515;Medio
28012;Espanola;68516;Caro
28020;De autor;68517;Caro
28004;Espanola;68519;Barato
28010;Espanola;68520;Medio
28004;De autor;68521;Barato
28009;Espanola;68523;Caro
28008;Espanola;68525;Barato
28009;Espanola;68526;Medio
28013;Internacional;68527;Barato
28001;Espanola;68528;Barato
28008;De autor;68529;Medio
28014;Espanola;68532;Barato
28012;Espanola;68533;Barato
28013;Espanola;68534;Barato
28013;Internacional;68536;Caro
28004;Espanola;68537;Caro
28036;Espanola;68538;Medio
28008;Espanola;68540;Barato
28013;Espanola;68541;Caro
28004;Espanola;68543;Medio
28001;Espanola;68544;Barato
28006;Espanola;68545;Medio
28009;Espanola;68546;Barato
28036;Espanola;68547;Barato
28053;Espanola;68548;Barato
28012;Espanola;68550;Caro
28014;Espanola;68551;Barato
28014;Espanola;68552;Medio
28003;Espanola;68553;Caro
28036;Espanola;68554;Barato
28006;Espanola;68556;Barato
28004;Internacional;68559;Caro
28001;Internacional;68560;Caro
28013;Tapas;68561;Medio
28016;De autor;68562;Medio
28046;Internacional;68563;Caro
28020;Espanola;68565;Medio
28010;Espanola;68568;Caro
28005;Espanola;68569;Caro
28020;De autor;68570;Caro
28005;Espanola;68573;Caro
28006;Espanola;68574;Caro
28043;Espanola;68576;Medio
28004;Espanola;68577;Barato
28005;De autor;68578;Barato
28008;Espanola;68579;Medio
28013;Internacional;68582;Barato
28005;Internacional;68583;Caro
28006;Internacional;68584;Caro
28001;De autor;68586;Caro
28004;Internacional;68587;Medio
28028;Internacional;68589;Medio
28014;Espanola;68591;Barato
28001;Internacional;68592;Barato
28040;Espanola;68594;Medio
28013;Espanola;68595;Caro
28005;Espanola;68596;Barato
28005;Espanola;68598;Caro
28006;Internacional;68599;Barato
28014;De autor;68600;Caro
28014;De autor;68602;Barato
28004;Espanola;68604;Barato
28013;De autor;68606;Medio
28014;Espanola;68607;Barato
28002;Espanola;68608;Medio
28014;Tapas;68609;Barato
28003;Vegetariano;68610;Caro
28014;Espanola;68612;Caro
28009;Internacional;68613;Caro
28001;Espanola;68614;Barato
